{
  "user_id": "anomaly_user_003",
  "baseline_trust_score": 77.88164205160827,
  "trust_history": [
    77.5,
    95.7625,
    90.71959375,
    71.6332775242625,
    86.4297851835813,
    85.51770674173783,
    32.91738287610122,
    90.56668033146418,
    91.23691593408608,
    89.5843761955795,
    73.54465232830434,
    89.89277628093883,
    84.34722755388465,
    32.03471888388213,
    89.59349808504533,
    89.95957305394607,
    88.5735020527872,
    72.36692055311956,
    88.88254577461011,
    83.30456905492338,
    31.146280925519456
  ],
  "behavioral_baselines": {
    "known_devices": [
      "9316f7e96e5a9db53186f52ae84ac115ff042fc42d60a799e998191b30249d93",
      "d62d824b66ffb36681cdb2fca368bf6b99ab403738874738584be40026937448"
    ],
    "known_locations": [
      [
        51.5074,
        -0.1278
      ],
      [
        -33.8688,
        151.2093
      ]
    ],
    "typical_access_intervals": [
      86400,
      86400,
      3600,
      86400,
      7200,
      30,
      86400,
      86400,
      86400,
      3600,
      86400,
      7200,
      30,
      86400,
      86400,
      86400,
      3600,
      86400,
      7200,
      30,
      86400
    ],
    "typical_session_durations": [
      900,
      900,
      900,
      900,
      900,
      900,
      900,
      900,
      900,
      900,
      900,
      900,
      900,
      900,
      900,
      900,
      900,
      900,
      900,
      900,
      900
    ],
    "typical_typing_speed": [
      55,
      55,
      55,
      55,
      55,
      55,
      55,
      55,
      55,
      55,
      55,
      55,
      55,
      55,
      55,
      55,
      55,
      55,
      55,
      55,
      55
    ]
  },
  "risk_events": [
    {
      "timestamp": 1756309033,
      "risk_level": "VERY_HIGH",
      "trust_score": 32.91738287610122,
      "session_id": "anomaly_multiple_failures"
    },
    {
      "timestamp": 1756368156,
      "risk_level": "VERY_HIGH",
      "trust_score": 32.03471888388213,
      "session_id": "anomaly_multiple_failures"
    },
    {
      "timestamp": 1756368259,
      "risk_level": "VERY_HIGH",
      "trust_score": 31.146280925519456,
      "session_id": "anomaly_multiple_failures"
    }
  ],
  "last_evaluation": 1756368259,
  "total_evaluations": 21,
  "compliance_violations": 0
}