{
  "user_id": "anomaly_user_003",
  "baseline_trust_score": 75.9407469822865,
  "trust_history": [
    77.5,
    95.7625,
    90.71959375,
    71.6332775242625,
    86.4297851835813,
    85.51770674173783,
    32.91738287610122,
    90.56668033146418,
    91.23691593408608,
    89.5843761955795,
    73.54465232830434,
    89.89277628093883,
    84.34722755388465,
    32.03471888388213,
    89.59349808504533,
    89.95957305394607,
    88.5735020527872,
    72.36692055311956,
    88.88254577461011,
    83.30456905492338,
    31.146280925519456,
    88.59013657289206,
    88.84160097887943,
    87.55880946775972,
    71.28078159772323,
    87.86856715887993,
    82.27523245546334,
    30.188568075063564,
    87.57942682532382,
    87.77067018150548,
    86.54274421801685,
    70.22504497613616,
    86.85303705041129,
    81.25075200843645,
    29.20544936386488,
    86.5658244050999,
    86.71993549239414,
    85.52604109725334,
    69.1831048383072,
    85.83673055543889,
    80.22858620944685,
    29.210216265393164,
    85.55162555348366,
    85.68052988570791,
    84.50978893455613,
    68.14936774322167,
    84.82074632421764,
    79.20845290771221,
    29.20900019811933,
    84.5370971399604,
    84.64776957748144,
    83.49789090952493,
    66.90836607000965,
    83.80971067051499,
    78.18949600619175,
    29.14624620987908
  ],
  "behavioral_baselines": {
    "known_devices": [
      "9316f7e96e5a9db53186f52ae84ac115ff042fc42d60a799e998191b30249d93",
      "d62d824b66ffb36681cdb2fca368bf6b99ab403738874738584be40026937448"
    ],
    "known_locations": [
      [
        51.5074,
        -0.1278
      ],
      [
        -33.8688,
        151.2093
      ]
    ],
    "typical_access_intervals": [
      86400,
      86400,
      86400,
      3600,
      86400,
      7200,
      30,
      86400,
      86400,
      86400,
      3600,
      86400,
      7200,
      30,
      86400,
      86400,
      86400,
      3600,
      86400,
      7200,
      30,
      86400,
      86400,
      86400,
      3600,
      86400,
      7200,
      30,
      86400,
      86400,
      86400,
      3600,
      86400,
      7200,
      30,
      86400,
      86400,
      86400,
      3600,
      86400,
      7200,
      30,
      86400,
      86400,
      86400,
      3600,
      86400,
      7200,
      30,
      86400
    ],
    "typical_session_durations": [
      900,
      900,
      900,
      900,
      900,
      900,
      900,
      900,
      900,
      900,
      900,
      900,
      900,
      900,
      900,
      900,
      900,
      900,
      900,
      900,
      900,
      900,
      900,
      900,
      900,
      900,
      900,
      900,
      900,
      900
    ],
    "typical_typing_speed": [
      55,
      55,
      55,
      55,
      55,
      55,
      55,
      55,
      55,
      55,
      55,
      55,
      55,
      55,
      55,
      55,
      55,
      55,
      55,
      55,
      55,
      55,
      55,
      55,
      55,
      55,
      55,
      55,
      55,
      55
    ]
  },
  "risk_events": [
    {
      "timestamp": 1756309033,
      "risk_level": "VERY_HIGH",
      "trust_score": 32.91738287610122,
      "session_id": "anomaly_multiple_failures"
    },
    {
      "timestamp": 1756368156,
      "risk_level": "VERY_HIGH",
      "trust_score": 32.03471888388213,
      "session_id": "anomaly_multiple_failures"
    },
    {
      "timestamp": 1756368259,
      "risk_level": "VERY_HIGH",
      "trust_score": 31.146280925519456,
      "session_id": "anomaly_multiple_failures"
    },
    {
      "timestamp": 1756387446,
      "risk_level": "VERY_HIGH",
      "trust_score": 30.188568075063564,
      "session_id": "anomaly_multiple_failures"
    },
    {
      "timestamp": 1756388976,
      "risk_level": "VERY_HIGH",
      "trust_score": 29.20544936386488,
      "session_id": "anomaly_multiple_failures"
    },
    {
      "timestamp": 1756391791,
      "risk_level": "VERY_HIGH",
      "trust_score": 29.210216265393164,
      "session_id": "anomaly_multiple_failures"
    },
    {
      "timestamp": 1756399840,
      "risk_level": "VERY_HIGH",
      "trust_score": 29.20900019811933,
      "session_id": "anomaly_multiple_failures"
    },
    {
      "timestamp": 1756403623,
      "risk_level": "VERY_HIGH",
      "trust_score": 29.14624620987908,
      "session_id": "anomaly_multiple_failures"
    }
  ],
  "last_evaluation": 1756403623,
  "total_evaluations": 56,
  "compliance_violations": 0
}