{
  "user_id": "high_trust_user",
  "baseline_trust_score": 98.41192608933304,
  "trust_history": [
    79.5,
    97.8325,
    97.10331875,
    97.20175121875,
    97.55151796004415,
    97.81944254603678,
    97.99601156222059,
    98.12257196781525,
    98.21830598018683,
    98.29352457370098,
    98.35432859284172,
    98.40458323363914,
    98.44686691854635,
    98.48297080001943,
    98.51418060778423,
    98.54144466204819,
    98.56547860896085,
    98.58683318588332,
    98.60593947055978,
    98.62313992504265,
    98.63871020139705,
    98.65287477844954,
    98.66581838217753,
    98.67769446420411,
    98.68863158941608,
    98.69873831267509,
    98.70810694719992,
    98.71681650875193,
    98.72493503921989,
    98.73252145752703,
    98.7396270467099,
    98.74629665821067,
    98.75256969437923,
    98.75848091555797,
    98.76406110733625,
    98.76933763552394,
    98.77433491034589,
    98.77907477676807,
    98.78357684435146,
    98.78785876731723,
    98.7919364833985,
    98.79582441840272,
    98.79953566210779,
    98.80308212008342,
    98.8064746452053,
    98.80972315196988,
    98.81283671618398,
    98.81582366217194,
    98.81869163929068,
    98.82144768925488,
    98.82409830553796,
    98.82664948591801,
    98.82910677907687,
    98.83147532602415,
    98.83375989700653,
    98.83596492446705,
    98.83809453254011,
    98.84015256350064,
    98.84214260152883,
    98.84406799410388,
    98.84593187129852,
    98.84773716321156,
    98.84948661574501,
    98.85118280490664,
    98.85282814979698,
    98.85442492441953,
    98.8559752684376,
    98.85748119698547,
    98.85894460963,
    98.86036729856725,
    98.86175095612968,
    98.86309718167027,
    98.86440748788374,
    98.86568330661758,
    98.86692599422051,
    98.86813683647088,
    98.86931705312301,
    98.87046780210562,
    98.87159018340328,
    98.87268524264819
  ],
  "behavioral_baselines": {
    "known_devices": [
      "9c12b7e69e65c30ed334d0eb79637fffdde101dee05682f221f16809bd76e394"
    ],
    "known_locations": [
      [
        47.6062,
        -122.3321
      ]
    ],
    "typical_access_intervals": [
      3600,
      3600,
      3600,
      3600,
      3600,
      3600,
      3600,
      3600,
      3600,
      3600,
      3600,
      3600,
      3600,
      3600,
      3600,
      3600,
      3600,
      3600,
      3600,
      3600,
      3600,
      3600,
      3600,
      3600,
      3600,
      3600,
      3600,
      3600,
      3600,
      3600,
      3600,
      3600,
      3600,
      3600,
      3600,
      3600,
      3600,
      3600,
      3600,
      3600,
      3600,
      3600,
      3600,
      3600,
      3600,
      3600,
      3600,
      3600,
      3600,
      3600
    ],
    "typical_session_durations": [
      1500,
      1500,
      1500,
      1500,
      1500,
      1500,
      1500,
      1500,
      1500,
      1500,
      1500,
      1500,
      1500,
      1500,
      1500,
      1500,
      1500,
      1500,
      1500,
      1500,
      1500,
      1500,
      1500,
      1500,
      1500,
      1500,
      1500,
      1500,
      1500,
      1500
    ],
    "typical_typing_speed": [
      80,
      80,
      80,
      80,
      80,
      80,
      80,
      80,
      80,
      80,
      80,
      80,
      80,
      80,
      80,
      80,
      80,
      80,
      80,
      80,
      80,
      80,
      80,
      80,
      80,
      80,
      80,
      80,
      80,
      80
    ]
  },
  "risk_events": [],
  "last_evaluation": 1756403623,
  "total_evaluations": 80,
  "compliance_violations": 0
}