{
  "user_id": "high_trust_user",
  "baseline_trust_score": 97.72231860816994,
  "trust_history": [
    79.5,
    97.8325,
    97.10331875,
    97.20175121875,
    97.55151796004415,
    97.81944254603678,
    97.99601156222059,
    98.12257196781525,
    98.21830598018683,
    98.29352457370098,
    98.35432859284172,
    98.40458323363914,
    98.44686691854635,
    98.48297080001943,
    98.51418060778423,
    98.54144466204819,
    98.56547860896085,
    98.58683318588332,
    98.60593947055978,
    98.62313992504265,
    98.63871020139705,
    98.65287477844954,
    98.66581838217753,
    98.67769446420411,
    98.68863158941608,
    98.69873831267509,
    98.70810694719992,
    98.71681650875193,
    98.72493503921989,
    98.73252145752703
  ],
  "behavioral_baselines": {
    "known_devices": [
      "9c12b7e69e65c30ed334d0eb79637fffdde101dee05682f221f16809bd76e394"
    ],
    "known_locations": [
      [
        47.6062,
        -122.3321
      ]
    ],
    "typical_access_intervals": [
      3600,
      3600,
      3600,
      3600,
      3600,
      3600,
      3600,
      3600,
      3600,
      3600,
      3600,
      3600,
      3600,
      3600,
      3600,
      3600,
      3600,
      3600,
      3600,
      3600,
      3600,
      3600,
      3600,
      3600,
      3600,
      3600,
      3600,
      3600,
      3600,
      3600
    ],
    "typical_session_durations": [
      1500,
      1500,
      1500,
      1500,
      1500,
      1500,
      1500,
      1500,
      1500,
      1500,
      1500,
      1500,
      1500,
      1500,
      1500,
      1500,
      1500,
      1500,
      1500,
      1500,
      1500,
      1500,
      1500,
      1500,
      1500,
      1500,
      1500,
      1500,
      1500,
      1500
    ],
    "typical_typing_speed": [
      80,
      80,
      80,
      80,
      80,
      80,
      80,
      80,
      80,
      80,
      80,
      80,
      80,
      80,
      80,
      80,
      80,
      80,
      80,
      80,
      80,
      80,
      80,
      80,
      80,
      80,
      80,
      80,
      80,
      80
    ]
  },
  "risk_events": [],
  "last_evaluation": 1756368259,
  "total_evaluations": 30,
  "compliance_violations": 0
}