{
  "user_id": "low_trust_user",
  "baseline_trust_score": 73.27688396344675,
  "trust_history": [
    49.5,
    69.1575,
    89.60478679298642,
    62.90591715544199,
    75.83324810033822,
    71.15401016434136,
    77.70394607859608,
    73.3050546172161,
    75.14512885016931,
    61.75564841239646,
    63.105514054885916,
    73.51152527856827,
    93.68371254893007,
    65.62906806998888,
    79.05185199932123,
    74.01579254864868,
    80.25992388905556,
    75.55975400979608,
    77.14057556572267,
    63.51347072868987,
    63.182291740987594,
    73.53325784985518,
    93.70493502256437,
    65.4878835414233,
    79.29835699565406,
    74.25744041562182,
    80.48401447380878,
    75.76392855036117,
    77.34978731421268,
    63.70819413382058
  ],
  "behavioral_baselines": {
    "known_devices": [
      "b7404863b07727fc1fcc0f29c46cb143d7ecb5e87ae30309811ddeb20538b629",
      "e15c0355daffb3a67dcc2fd01910a220fc75b174c4b37aaf0d75f1b65de39d59",
      "96b1d6862715a3d1807d01f60f135153a4afe3d244bc235035873eca6734a54a"
    ],
    "known_locations": [
      [
        37.7749,
        -122.4194
      ],
      [
        37.874900000000004,
        -122.3194
      ],
      [
        37.974900000000005,
        -122.2194
      ],
      [
        38.0749,
        -122.1194
      ],
      [
        38.1749,
        -122.01939999999999
      ],
      [
        38.2749,
        -121.9194
      ],
      [
        38.374900000000004,
        -121.8194
      ],
      [
        38.474900000000005,
        -121.7194
      ],
      [
        38.5749,
        -121.6194
      ],
      [
        38.6749,
        -121.51939999999999
      ]
    ],
    "typical_access_intervals": [
      1800,
      1800,
      1800,
      1800,
      1800,
      1800,
      1800,
      1800,
      1800,
      1800,
      1800,
      1800,
      1800,
      1800,
      1800,
      1800,
      1800,
      1800,
      1800,
      1800,
      1800,
      1800,
      1800,
      1800,
      1800,
      1800,
      1800,
      1800,
      1800,
      1800
    ],
    "typical_session_durations": [
      600,
      700,
      800,
      900,
      1000,
      1100,
      1200,
      1300,
      1400,
      1500,
      600,
      700,
      800,
      900,
      1000,
      1100,
      1200,
      1300,
      1400,
      1500,
      600,
      700,
      800,
      900,
      1000,
      1100,
      1200,
      1300,
      1400,
      1500
    ],
    "typical_typing_speed": [
      40,
      45,
      50,
      55,
      60,
      65,
      70,
      75,
      80,
      85,
      40,
      45,
      50,
      55,
      60,
      65,
      70,
      75,
      80,
      85,
      40,
      45,
      50,
      55,
      60,
      65,
      70,
      75,
      80,
      85
    ]
  },
  "risk_events": [
    {
      "timestamp": 1756309033,
      "risk_level": "HIGH",
      "trust_score": 49.5,
      "session_id": "low_trust_0"
    }
  ],
  "last_evaluation": 1756368260,
  "total_evaluations": 30,
  "compliance_violations": 0
}