{
  "user_id": "low_trust_user",
  "baseline_trust_score": 74.28978439456066,
  "trust_history": [
    49.5,
    69.1575,
    89.60478679298642,
    62.90591715544199,
    75.83324810033822,
    71.15401016434136,
    77.70394607859608,
    73.3050546172161,
    75.14512885016931,
    61.75564841239646,
    63.105514054885916,
    73.51152527856827,
    93.68371254893007,
    65.62906806998888,
    79.05185199932123,
    74.01579254864868,
    80.25992388905556,
    75.55975400979608,
    77.14057556572267,
    63.51347072868987,
    63.182291740987594,
    73.53325784985518,
    93.70493502256437,
    65.4878835414233,
    79.29835699565406,
    74.25744041562182,
    80.48401447380878,
    75.76392855036117,
    77.34978731421268,
    63.70819413382058,
    63.31104408352765,
    73.57371395391874,
    93.64475515513122,
    65.29022121156379,
    79.0722789564218,
    74.60759228949007,
    80.87394964799303,
    76.1226330871879,
    77.6345630331986,
    63.892414493536336,
    63.380097000977145,
    73.64169406185232,
    93.70020755200362,
    65.37993584051374,
    79.15718950628921,
    74.6835094144754,
    80.93903460563689,
    76.18198206413173,
    77.68493779600689,
    63.93516163590046,
    63.42340700945535,
    73.68559533935668,
    93.73686659492577,
    65.43671047892558,
    79.21190745714686,
    74.73284716461721,
    80.98189249925905,
    76.2212819054769,
    77.71867865649688,
    63.96408045591,
    63.45318909508713,
    73.71632669668536,
    93.76291599270333,
    65.47596254294893,
    79.25018836616673,
    74.76755916618653,
    81.01231406422201,
    76.24928376236043,
    77.7429093896808,
    63.98499270011436,
    63.474965139296245,
    73.73906809940071,
    93.78239625731544,
    65.50476175803713,
    79.2785110551952,
    74.7933455937117,
    81.03505889971365,
    76.27027721341213,
    77.76118086776486,
    64.0008430501198
  ],
  "behavioral_baselines": {
    "known_devices": [
      "b7404863b07727fc1fcc0f29c46cb143d7ecb5e87ae30309811ddeb20538b629",
      "e15c0355daffb3a67dcc2fd01910a220fc75b174c4b37aaf0d75f1b65de39d59",
      "96b1d6862715a3d1807d01f60f135153a4afe3d244bc235035873eca6734a54a"
    ],
    "known_locations": [
      [
        37.7749,
        -122.4194
      ],
      [
        37.874900000000004,
        -122.3194
      ],
      [
        37.974900000000005,
        -122.2194
      ],
      [
        38.0749,
        -122.1194
      ],
      [
        38.1749,
        -122.01939999999999
      ],
      [
        38.2749,
        -121.9194
      ],
      [
        38.374900000000004,
        -121.8194
      ],
      [
        38.474900000000005,
        -121.7194
      ],
      [
        38.5749,
        -121.6194
      ],
      [
        38.6749,
        -121.51939999999999
      ]
    ],
    "typical_access_intervals": [
      1800,
      1800,
      1800,
      1800,
      1800,
      1800,
      1800,
      1800,
      1800,
      1800,
      1800,
      1800,
      1800,
      1800,
      1800,
      1800,
      1800,
      1800,
      1800,
      1800,
      1800,
      1800,
      1800,
      1800,
      1800,
      1800,
      1800,
      1800,
      1800,
      1800,
      1800,
      1800,
      1800,
      1800,
      1800,
      1800,
      1800,
      1800,
      1800,
      1800,
      1800,
      1800,
      1800,
      1800,
      1800,
      1800,
      1800,
      1800,
      1800,
      1800
    ],
    "typical_session_durations": [
      600,
      700,
      800,
      900,
      1000,
      1100,
      1200,
      1300,
      1400,
      1500,
      600,
      700,
      800,
      900,
      1000,
      1100,
      1200,
      1300,
      1400,
      1500,
      600,
      700,
      800,
      900,
      1000,
      1100,
      1200,
      1300,
      1400,
      1500
    ],
    "typical_typing_speed": [
      40,
      45,
      50,
      55,
      60,
      65,
      70,
      75,
      80,
      85,
      40,
      45,
      50,
      55,
      60,
      65,
      70,
      75,
      80,
      85,
      40,
      45,
      50,
      55,
      60,
      65,
      70,
      75,
      80,
      85
    ]
  },
  "risk_events": [
    {
      "timestamp": 1756309033,
      "risk_level": "HIGH",
      "trust_score": 49.5,
      "session_id": "low_trust_0"
    }
  ],
  "last_evaluation": 1756403623,
  "total_evaluations": 80,
  "compliance_violations": 0
}