{
  "user_id": "new_user_001",
  "baseline_trust_score": 95.39088925060835,
  "trust_history": [
    79.5,
    97.8325,
    97.10331875,
    97.20175121875,
    97.55151796004415,
    97.81944254603678,
    97.99601156222059,
    98.12257196781525
  ],
  "behavioral_baselines": {
    "known_devices": [
      "ef81c00b85e5e09ff50555528307e4a1cc8603cd98ba1c6823f4989e0bf51a92"
    ],
    "known_locations": [
      [
        37.7749,
        -122.4194
      ]
    ],
    "typical_access_intervals": [
      3600,
      3600,
      3600,
      3600,
      3600,
      3600,
      3600,
      3600
    ],
    "typical_session_durations": [
      1800,
      1800,
      1800,
      1800,
      1800,
      1800,
      1800,
      1800
    ],
    "typical_typing_speed": [
      65,
      65,
      65,
      65,
      65,
      65,
      65,
      65
    ]
  },
  "risk_events": [],
  "last_evaluation": 1756403623,
  "total_evaluations": 8,
  "compliance_violations": 0
}