{
  "user_id": "returning_user_002",
  "baseline_trust_score": 96.46094852841985,
  "trust_history": [
    79.5,
    97.59916666666666,
    96.75643555031185,
    96.74710557798831,
    92.72610730436637,
    96.37915543297899,
    96.81839429588167,
    97.34132550661587,
    97.48149398948976,
    97.41913540916795,
    93.53513560147638,
    97.04889959767522,
    97.21242241731396,
    97.56790403374498,
    97.66835540148351,
    97.53555195551925,
    93.73264517697228,
    97.25146741756528,
    97.34987139877256,
    97.65585565343349,
    97.74519562620563,
    97.58585883928937,
    93.8242187774628,
    97.35088554563961,
    97.42083438898044,
    97.70334472734788,
    97.78769297732586,
    97.61439548180168,
    93.87745856790676,
    97.41026770142868,
    97.46439402385667,
    97.72181509318075,
    97.83099404002566,
    97.64685971541778,
    93.91705731166654,
    97.45955201513289,
    97.49394831350848,
    97.74432779269559,
    97.84734297582101,
    97.65777952184277,
    93.94110695045312,
    97.48646156011542,
    97.51535424071486,
    97.76081464999733,
    97.85943974147757,
    97.66593994854358,
    93.95906102372126,
    97.50669942516872
  ],
  "behavioral_baselines": {
    "known_devices": [
      "4d280d1538fc12da495f7d7feb801304f0ccb57c074a90aad42ed7e8be563e4e"
    ],
    "known_locations": [
      [
        40.7128,
        -74.006
      ]
    ],
    "typical_access_intervals": [
      86400,
      86400,
      86400,
      86400,
      3600,
      86400,
      86400,
      86400,
      86400,
      86400,
      3600,
      86400,
      86400,
      86400,
      86400,
      86400,
      3600,
      86400,
      86400,
      86400,
      86400,
      86400,
      3600,
      86400,
      86400,
      86400,
      86400,
      86400,
      3600,
      86400,
      86400,
      86400,
      86400,
      86400,
      3600,
      86400,
      86400,
      86400,
      86400,
      86400,
      3600,
      86400,
      86400,
      86400,
      86400,
      86400,
      3600,
      86400
    ],
    "typical_session_durations": [
      1200,
      1260,
      1320,
      1380,
      1440,
      1200,
      1200,
      1260,
      1320,
      1380,
      1440,
      1200,
      1200,
      1260,
      1320,
      1380,
      1440,
      1200,
      1200,
      1260,
      1320,
      1380,
      1440,
      1200,
      1200,
      1260,
      1320,
      1380,
      1440,
      1200
    ],
    "typical_typing_speed": [
      72,
      74,
      76,
      78,
      80,
      72,
      72,
      74,
      76,
      78,
      80,
      72,
      72,
      74,
      76,
      78,
      80,
      72,
      72,
      74,
      76,
      78,
      80,
      72,
      72,
      74,
      76,
      78,
      80,
      72
    ]
  },
  "risk_events": [],
  "last_evaluation": 1756403623,
  "total_evaluations": 48,
  "compliance_violations": 0
}