{
  "user_id": "returning_user_002",
  "baseline_trust_score": 95.57337229640102,
  "trust_history": [
    79.5,
    97.59916666666666,
    96.75643555031185,
    96.74710557798831,
    92.72610730436637,
    96.37915543297899,
    96.81839429588167,
    97.34132550661587,
    97.48149398948976,
    97.41913540916795,
    93.53513560147638,
    97.04889959767522,
    97.21242241731396,
    97.56790403374498,
    97.66835540148351,
    97.53555195551925,
    93.73264517697228,
    97.25146741756528
  ],
  "behavioral_baselines": {
    "known_devices": [
      "4d280d1538fc12da495f7d7feb801304f0ccb57c074a90aad42ed7e8be563e4e"
    ],
    "known_locations": [
      [
        40.7128,
        -74.006
      ]
    ],
    "typical_access_intervals": [
      86400,
      86400,
      86400,
      86400,
      3600,
      86400,
      86400,
      86400,
      86400,
      86400,
      3600,
      86400,
      86400,
      86400,
      86400,
      86400,
      3600,
      86400
    ],
    "typical_session_durations": [
      1200,
      1260,
      1320,
      1380,
      1440,
      1200,
      1200,
      1260,
      1320,
      1380,
      1440,
      1200,
      1200,
      1260,
      1320,
      1380,
      1440,
      1200
    ],
    "typical_typing_speed": [
      72,
      74,
      76,
      78,
      80,
      72,
      72,
      74,
      76,
      78,
      80,
      72,
      72,
      74,
      76,
      78,
      80,
      72
    ]
  },
  "risk_events": [],
  "last_evaluation": 1756368259,
  "total_evaluations": 18,
  "compliance_violations": 0
}